{
  "test/integration/opaTests.qunit.html": 1711622687430,
  "manifest.json": 1711629434278,
  "test/integration/pages/RisksList.js": 1711622687446,
  "test/integration/opaTests.qunit.js": 1711622687430,
  "test/integration/FirstJourney.js": 1711622687450,
  "test/testsuite.qunit.js": 1711622687426,
  "xs-app.json": 1711629851137,
  "test/integration/pages/RisksObjectPage.js": 1711622687446,
  "Component.js": 1711622687386,
  "test/testsuite.qunit-dbg.js": 1711622687426,
  "test/testsuite.qunit.js.map": 1711629862138,
  "test/integration/opaTests.qunit-dbg.js": 1711622687430,
  "test/integration/opaTests.qunit.js.map": 1711629862146,
  "test/integration/FirstJourney-dbg.js": 1711622687450,
  "test/integration/FirstJourney.js.map": 1711629862164,
  "test/integration/pages/RisksList-dbg.js": 1711622687446,
  "test/integration/pages/RisksList.js.map": 1711629862143,
  "test/integration/pages/RisksObjectPage-dbg.js": 1711622687446,
  "test/integration/pages/RisksObjectPage.js.map": 1711629862145,
  "Component-dbg.js": 1711622687386,
  "Component.js.map": 1711629862146,
  "Component-preload.js": 1711629862277,
  "Component-preload.js.map": 1711629862277,
  "i18n/i18n.properties": 1711622742912,
  "test/testsuite.qunit.html": 1711622687426,
  "test/flpSandbox.html": 1711622687426,
  "index.html": 1711622687386
}